{
    "accuracy": 0.7787666666666667,
    "f1": 0.0003012501882813677,
    "recall": 0.0001506931886678722,
    "precision": 0.3333333333333333
}
